name,surname,login,password,email
John,Smith,J.smith,1234,J.Smith@ok.pl
Jack,Mark,J.Mark,1234,J.Mark@ok.pl
Adrianna,Malek,A.Malek,1234,A.Malek@ok.pl
Barry,White,B.White,1234,B.White@ok.pl
Steve,Wonder,S.Wonder,1234,S.Wonder@ok.pl
Peter,Grythin,P.Grythin,1234,P.Grythin@ok.pl
Danani,Gynt,P.Gynt,1234,P.Gynt@ok.pl
Adrian,Streange,A.Streange,1234,A.Streange@ok.pl
